{
    "best_accuracy": 0.8862,
    "best_macro_micro_avg": [
        [
            0.8872858452611366,
            0.8859502011179459,
            0.8853951651152835
        ],
        [
            0.8862,
            0.8862,
            0.8862
        ]
    ]
}